"type","page","url"
"core","{{ SITENAME }}","/"
"core","About","/about"
"core","Contact","/contact"
"core","Privacy Policy","/privacy"
"core","Terms","/terms"
"core","Affiliate Disclaimer","/affiliate-disclaimer"
"core","Blog","/blog"
"posts","How to Download Skool Videos","/how-to-download-skool-videos"
"posts","How to Download Loom Videos","/how-to-download-loom-videos"
"posts","How to Download Vimeo Videos","/how-to-download-vimeo-videos"
"posts","How to Download Tiktok Videos","/how-to-download-tiktok-videos"
"posts","How to Download PDFs","/how-to-download-pdfs"
"tools","Downloaders Apps & Tools","/tools/"
"tools","PDF Downloader","/tools/pdf-downloader"
"tools","Skool Video Downloader","/tools/skool-video-downloader"
"tools","TikTok Downloader","/tools/tiktok-downloader"
"tools","Vimeo Video Downloader","/tools/vimeo-video-downloader"
"tools","PDF Downloader","/tools/pdf-downloader"
"tools","Loom Video Downloader","/tools/loom-video-downloader"
"tools","YouTube Downloader","/tools/youtube-downloader"
"tools","Instagram Downloader","/tools/instagram-downloader"
"tools","Twitter Downloader","/tools/twitter-downloader"
"tools","SoundCloud Downloader","/tools/soundcloud-downloader"
"tools","pornhub downloader","/tools/pornhub-downloader"
"tools","pinterest downloader","/tools/pinterest-downloader"
"tools","facebook downloader","/tools/facebook-downloader"
"tools","scribd downloader","/tools/scribd-downloader"
"tools","onlyfans downloader","/tools/onlyfans-downloader"
"tools","dailymotion downloader","/tools/dailymotion-downloader"
"tools","thumbnail downloader","/tools/thumbnail-downloader"
"tools","erome downloader","/tools/erome-downloader"
"tools","twitch downloader","/tools/twitch-downloader"
"tools","123movies downloader","/tools/123movies-downloader"
"tools","getty images downloader","/tools/getty-images-downloader"
"tools","terabox downloader","/tools/terabox-downloader"
"tools","snapchat downloader","/tools/snapchat-downloader"
"tools","vk downloader","/tools/vk-downloader"
"tools","m3u8 downloader","/tools/m3u8-downloader"
"tools","patreon downloader","/tools/patreon-downloader"
"tools","soundgasm downloader","/tools/soundgasm-downloader"
"tools","tumblr downloader","/tools/tumblr-downloader"
"tools","bilibili downloader","/tools/bilibili-downloader"
"tools","erothots downloader","/tools/erothots-downloader"
"tools","freepik downloader","/tools/freepik-downloader"
"tools","deviantart downloader","/tools/deviantart-downloader"
"tools","kick clip downloader","/tools/kick-clip-downloader"
"tools","giphy downloader","/tools/giphy-downloader"
"tools","internet archive downloader","/tools/internet-archive-downloader"
"tools","shutterstock downloader","/tools/shutterstock-downloader"
"tools","amazon video downloader","/tools/amazon-video-downloader"
"tools","alamy downloader","/tools/alamy-downloader"
"tools","istock downloader","/tools/istock-downloader"
"tools","netflix downloader","/tools/netflix-downloader"
"tools","redtube downloader","/tools/redtube-downloader"
"tools","tubi downloader","/tools/tubi-downloader"
"tools","flickr downloader","/tools/flickr-downloader"
"tools","stream downloader","/tools/stream-downloader"
"tools","telegram downloader","/tools/telegram-downloader"
"tools","udemy downloader","/tools/udemy-downloader"
"tools","adobe stock downloader","/tools/adobe-stock-downloader"
"tools","nicovideo downloader","/tools/nicovideo-downloader"
"tools","wistia downloader","/tools/wistia-downloader"
"tools","dreamstime downloader","/tools/dreamstime-downloader"
"tools","stockvault downloader","/tools/stockvault-downloader"
"tools","hulu downloader","/tools/hulu-downloader"
"tools","depositphotos downloader","/tools/depositphotos-downloader"
"tools","sprout video downloader","/tools/sprout-video-downloader"
"tools","camsoda downloader","/tools/camsoda-downloader"
"tools","chaturbate downloader","/tools/chaturbate-downloader"
"tools","stripchat downloader","/tools/stripchat-downloader"
"tools","canva downloader","/tools/canva-downloader"
"tools","rawpixel downloader","/tools/rawpixel-downloader"
"tools","storyblocks downloader","/tools/storyblocks-downloader"
"tools","coursera downloader","/tools/coursera-downloader"
"tools","kajabi downloader","/tools/kajabi-downloader"
"tools","linkedin learning downloader","/tools/linkedin-learning-downloader"
"tools","myfreecams downloader","/tools/myfreecams-downloader"
"tools","teachable downloader","/tools/teachable-downloader"
"tools","moodle downloader","/tools/moodle-downloader"
"tools","123rf downloader","/tools/123rf-downloader"
"tools","creative market downloader","/tools/creative-market-downloader"
"tools","flicker downloader","/tools/flicker-downloader"
"tools","unsplash downloader","/tools/unsplash-downloader"
"tools","bongacams downloader","/tools/bongacams-downloader"
"tools","khan academy downloader","/tools/khan-academy-downloader"
"tools","skillshare downloader","/tools/skillshare-downloader"
"tools","thinkific downloader","/tools/thinkific-downloader"
"tools","whop downloader","/tools/whop-downloader"
"tools","circle downloader","/tools/circle-downloader"
"tools","clientclub downloader","/tools/clientclub-downloader"
"tools","gohighlevel downloader","/tools/gohighlevel-downloader"
"tools","gokollab downloader","/tools/gokollab-downloader"
"tools","learndash downloader","/tools/learndash-downloader"
"tools","learnworlds downloader","/tools/learnworlds-downloader"
"tools","livejasmin downloader","/tools/livejasmin-downloader"
"tools","podia downloader","/tools/podia-downloader"
"tools","pexels downloader","/tools/pexels-downloader"
"tools","pixabay downloader","/tools/pixabay-downloader"
"tools","stocksy downloader","/tools/stocksy-downloader"
"tools","vectorstock downloader","/tools/vectorstock-downloader"